preset,mode,median_ms,de_queries,cache_queries,checksum,field_build_ms,cache_changed_pixels,cache_max_channel_delta
0,moving exact,6.64327,35441,0,8508067702859802152,0,0,0
0,moving field,6.1502,27459,9083,2750771160399082106,3.13916,111,69
0,stationary default,7.20191,36785,0,15107809330290310453,0,0,0
0,stationary zoom precision,7.27048,36785,0,15107809330290310453,0,0,0
0,stationary indirect 1,8.73949,41751,0,8937699466692180003,0,0,0
0,stationary indirect 4,13.2917,57007,0,9192031732581333026,0,0,0
6,moving exact,6.64797,45161,0,3475491045592127297,0,0,0
6,moving field,6.36025,39529,6647,8109093377082145437,2.4614,495,19
6,stationary default,7.86118,51057,0,10042295024517646706,0,0,0
6,stationary zoom precision,8.03854,51057,0,4010353888516801079,0,0,0
6,stationary indirect 1,11.5043,74463,0,13992892377344390440,0,0,0
6,stationary indirect 4,22.4352,144828,0,372690466175615707,0,0,0
7,moving exact,2.19566,18375,0,16758809434091267441,0,0,0
7,moving field,2.01818,16430,1967,16758809434091267441,1.14914,0,0
7,stationary default,2.32727,19399,0,2880922569504197570,0,0,0
7,stationary zoom precision,2.32667,19399,0,16084067927273081285,0,0,0
7,stationary indirect 1,2.78729,22028,0,3461457646807534963,0,0,0
7,stationary indirect 4,4.19243,30503,0,16837002169530740002,0,0,0
24,moving exact,4.99796,21250,0,14181247067561205578,0,0,0
24,moving field,4.61307,17103,4809,11183652900674305787,2.73386,513,63
24,stationary default,6.74071,27066,0,14239570222921201354,0,0,0
24,stationary zoom precision,6.74207,27066,0,14239570222921201354,0,0,0
24,stationary indirect 1,9.87766,43377,0,16622603088843977153,0,0,0
24,stationary indirect 4,20.0343,95851,0,14818411636843271562,0,0,0
